<?xml version="1.0" encoding="UTF-8"?><font><info face="ArcadeClassic" size="72" bold="0" italic="0" charset="" unicode="1" stretchH="100" smooth="1" aa="1" padding="1,1,1,1" spacing="1,1"/><common lineHeight="72" base="58" scaleW="378" scaleH="389" pages="1" packed="0"/><pages><page id="0" file="ArcadeClassic.png"/></pages><chars count="91"><char id="32" x="0" y="0" width="0" height="0" xoffset="0" yoffset="0" xadvance="10" page="0" chnl="15"/><!--   --><char id="33" x="302" y="252" width="29" height="38" xoffset="0" yoffset="17" xadvance="51" page="0" chnl="15"/><!-- ! --><char id="34" x="265" y="365" width="23" height="23" xoffset="3" yoffset="9" xadvance="30" page="0" chnl="15"/><!-- " --><char id="35" x="265" y="39" width="36" height="52" xoffset="0" yoffset="9" xadvance="36" page="0" chnl="15"/><!-- # --><char id="36" x="302" y="106" width="32" height="60" xoffset="2" yoffset="6" xadvance="36" page="0" chnl="15"/><!-- $ --><char id="37" x="0" y="121" width="58" height="52" xoffset="1" yoffset="9" xadvance="60" page="0" chnl="15"/><!-- % --><char id="38" x="0" y="174" width="55" height="52" xoffset="1" yoffset="9" xadvance="57" page="0" chnl="15"/><!-- & --><char id="39" x="42" y="275" width="11" height="23" xoffset="1" yoffset="9" xadvance="13" page="0" chnl="15"/><!-- ' --><char id="40" x="339" y="54" width="23" height="67" xoffset="1" yoffset="8" xadvance="24" page="0" chnl="15"/><!-- ( --><char id="41" x="339" y="122" width="23" height="67" xoffset="0" yoffset="8" xadvance="24" page="0" chnl="15"/><!-- ) --><char id="42" x="302" y="220" width="30" height="31" xoffset="3" yoffset="8" xadvance="36" page="0" chnl="15"/><!-- * --><char id="43" x="0" y="227" width="41" height="41" xoffset="0" yoffset="15" xadvance="41" page="0" chnl="15"/><!-- + --><char id="44" x="302" y="359" width="14" height="21" xoffset="2" yoffset="51" xadvance="18" page="0" chnl="15"/><!-- , --><char id="45" x="0" y="370" width="22" height="8" xoffset="1" yoffset="39" xadvance="24" page="0" chnl="15"/><!-- - --><char id="46" x="42" y="264" width="12" height="10" xoffset="3" yoffset="51" xadvance="18" page="0" chnl="15"/><!-- . --><char id="47" x="339" y="0" width="24" height="53" xoffset="-2" yoffset="8" xadvance="21" page="0" chnl="15"/><!-- / --><char id="48" x="70" y="0" width="38" height="38" xoffset="-1" yoffset="17" xadvance="40" page="0" chnl="15"/><!-- 0 --><char id="49" x="265" y="92" width="34" height="38" xoffset="3" yoffset="17" xadvance="40" page="0" chnl="15"/><!-- 1 --><char id="50" x="70" y="39" width="38" height="38" xoffset="-1" yoffset="17" xadvance="40" page="0" chnl="15"/><!-- 2 --><char id="51" x="70" y="78" width="38" height="38" xoffset="-1" yoffset="17" xadvance="40" page="0" chnl="15"/><!-- 3 --><char id="52" x="70" y="117" width="38" height="38" xoffset="-1" yoffset="17" xadvance="40" page="0" chnl="15"/><!-- 4 --><char id="53" x="70" y="156" width="38" height="38" xoffset="-1" yoffset="17" xadvance="40" page="0" chnl="15"/><!-- 5 --><char id="54" x="70" y="195" width="38" height="38" xoffset="-1" yoffset="17" xadvance="40" page="0" chnl="15"/><!-- 6 --><char id="55" x="70" y="234" width="38" height="38" xoffset="-1" yoffset="17" xadvance="40" page="0" chnl="15"/><!-- 7 --><char id="56" x="70" y="273" width="38" height="38" xoffset="-1" yoffset="17" xadvance="40" page="0" chnl="15"/><!-- 8 --><char id="57" x="70" y="312" width="38" height="38" xoffset="-1" yoffset="17" xadvance="40" page="0" chnl="15"/><!-- 9 --><char id="58" x="42" y="227" width="12" height="36" xoffset="4" yoffset="25" xadvance="21" page="0" chnl="15"/><!-- : --><char id="59" x="364" y="0" width="14" height="47" xoffset="3" yoffset="25" xadvance="21" page="0" chnl="15"/><!-- ; --><char id="61" x="0" y="269" width="41" height="16" xoffset="0" yoffset="27" xadvance="41" page="0" chnl="15"/><!-- = --><char id="63" x="302" y="167" width="30" height="52" xoffset="1" yoffset="9" xadvance="32" page="0" chnl="15"/><!-- ? --><char id="64" x="0" y="53" width="64" height="67" xoffset="2" yoffset="8" xadvance="67" page="0" chnl="15"/><!-- @ --><char id="65" x="187" y="0" width="38" height="38" xoffset="-1" yoffset="17" xadvance="40" page="0" chnl="15"/><!-- A --><char id="66" x="187" y="39" width="38" height="38" xoffset="-1" yoffset="17" xadvance="40" page="0" chnl="15"/><!-- B --><char id="67" x="187" y="78" width="38" height="38" xoffset="-1" yoffset="17" xadvance="40" page="0" chnl="15"/><!-- C --><char id="68" x="187" y="117" width="38" height="38" xoffset="-1" yoffset="17" xadvance="40" page="0" chnl="15"/><!-- D --><char id="69" x="0" y="331" width="39" height="38" xoffset="-1" yoffset="17" xadvance="40" page="0" chnl="15"/><!-- E --><char id="70" x="187" y="156" width="38" height="38" xoffset="-1" yoffset="17" xadvance="40" page="0" chnl="15"/><!-- F --><char id="71" x="187" y="195" width="38" height="38" xoffset="-1" yoffset="17" xadvance="40" page="0" chnl="15"/><!-- G --><char id="72" x="187" y="234" width="38" height="38" xoffset="-1" yoffset="17" xadvance="40" page="0" chnl="15"/><!-- H --><char id="73" x="265" y="287" width="34" height="38" xoffset="2" yoffset="17" xadvance="40" page="0" chnl="15"/><!-- I --><char id="74" x="187" y="273" width="38" height="38" xoffset="-1" yoffset="17" xadvance="40" page="0" chnl="15"/><!-- J --><char id="75" x="187" y="312" width="38" height="38" xoffset="-1" yoffset="17" xadvance="40" page="0" chnl="15"/><!-- K --><char id="76" x="265" y="326" width="34" height="38" xoffset="-4" yoffset="17" xadvance="40" page="0" chnl="15"/><!-- L --><char id="77" x="187" y="351" width="38" height="38" xoffset="-1" yoffset="17" xadvance="40" page="0" chnl="15"/><!-- M --><char id="78" x="226" y="0" width="38" height="38" xoffset="-1" yoffset="17" xadvance="40" page="0" chnl="15"/><!-- N --><char id="79" x="226" y="39" width="38" height="38" xoffset="-1" yoffset="17" xadvance="40" page="0" chnl="15"/><!-- O --><char id="80" x="226" y="78" width="38" height="38" xoffset="-1" yoffset="17" xadvance="40" page="0" chnl="15"/><!-- P --><char id="81" x="226" y="117" width="38" height="38" xoffset="-1" yoffset="17" xadvance="40" page="0" chnl="15"/><!-- Q --><char id="82" x="226" y="156" width="38" height="38" xoffset="-1" yoffset="17" xadvance="40" page="0" chnl="15"/><!-- R --><char id="83" x="226" y="195" width="38" height="38" xoffset="-1" yoffset="17" xadvance="40" page="0" chnl="15"/><!-- S --><char id="84" x="304" y="0" width="34" height="38" xoffset="-4" yoffset="17" xadvance="40" page="0" chnl="15"/><!-- T --><char id="85" x="226" y="234" width="38" height="38" xoffset="-1" yoffset="17" xadvance="40" page="0" chnl="15"/><!-- U --><char id="86" x="226" y="273" width="38" height="38" xoffset="-1" yoffset="17" xadvance="40" page="0" chnl="15"/><!-- V --><char id="87" x="226" y="312" width="38" height="38" xoffset="-1" yoffset="17" xadvance="40" page="0" chnl="15"/><!-- W --><char id="88" x="226" y="351" width="38" height="38" xoffset="-1" yoffset="17" xadvance="40" page="0" chnl="15"/><!-- X --><char id="89" x="302" y="39" width="34" height="38" xoffset="1" yoffset="17" xadvance="40" page="0" chnl="15"/><!-- Y --><char id="90" x="265" y="0" width="38" height="38" xoffset="-1" yoffset="17" xadvance="40" page="0" chnl="15"/><!-- Z --><char id="91" x="339" y="258" width="19" height="65" xoffset="4" yoffset="9" xadvance="24" page="0" chnl="15"/><!-- [ --><char id="93" x="339" y="324" width="19" height="65" xoffset="1" yoffset="9" xadvance="24" page="0" chnl="15"/><!-- ] --><char id="94" x="302" y="78" width="34" height="27" xoffset="0" yoffset="9" xadvance="34" page="0" chnl="15"/><!-- ^ --><char id="95" x="0" y="286" width="40" height="5" xoffset="-2" yoffset="71" xadvance="36" page="0" chnl="15"/><!-- _ --><char id="97" x="70" y="351" width="38" height="38" xoffset="-1" yoffset="17" xadvance="40" page="0" chnl="15"/><!-- a --><char id="98" x="109" y="0" width="38" height="38" xoffset="-1" yoffset="17" xadvance="40" page="0" chnl="15"/><!-- b --><char id="99" x="109" y="39" width="38" height="38" xoffset="-1" yoffset="17" xadvance="40" page="0" chnl="15"/><!-- c --><char id="100" x="109" y="78" width="38" height="38" xoffset="-1" yoffset="17" xadvance="40" page="0" chnl="15"/><!-- d --><char id="101" x="0" y="292" width="39" height="38" xoffset="-1" yoffset="17" xadvance="40" page="0" chnl="15"/><!-- e --><char id="102" x="109" y="117" width="38" height="38" xoffset="-1" yoffset="17" xadvance="40" page="0" chnl="15"/><!-- f --><char id="103" x="109" y="156" width="38" height="38" xoffset="-1" yoffset="17" xadvance="40" page="0" chnl="15"/><!-- g --><char id="104" x="109" y="195" width="38" height="38" xoffset="-1" yoffset="17" xadvance="40" page="0" chnl="15"/><!-- h --><char id="105" x="265" y="131" width="34" height="38" xoffset="2" yoffset="17" xadvance="40" page="0" chnl="15"/><!-- i --><char id="106" x="109" y="234" width="38" height="38" xoffset="-1" yoffset="17" xadvance="40" page="0" chnl="15"/><!-- j --><char id="107" x="109" y="273" width="38" height="38" xoffset="-1" yoffset="17" xadvance="40" page="0" chnl="15"/><!-- k --><char id="108" x="265" y="170" width="34" height="38" xoffset="-4" yoffset="17" xadvance="40" page="0" chnl="15"/><!-- l --><char id="109" x="109" y="312" width="38" height="38" xoffset="-1" yoffset="17" xadvance="40" page="0" chnl="15"/><!-- m --><char id="110" x="109" y="351" width="38" height="38" xoffset="-1" yoffset="17" xadvance="40" page="0" chnl="15"/><!-- n --><char id="111" x="148" y="0" width="38" height="38" xoffset="-1" yoffset="17" xadvance="40" page="0" chnl="15"/><!-- o --><char id="112" x="148" y="39" width="38" height="38" xoffset="-1" yoffset="17" xadvance="40" page="0" chnl="15"/><!-- p --><char id="113" x="148" y="78" width="38" height="38" xoffset="-1" yoffset="17" xadvance="40" page="0" chnl="15"/><!-- q --><char id="114" x="148" y="117" width="38" height="38" xoffset="-1" yoffset="17" xadvance="40" page="0" chnl="15"/><!-- r --><char id="115" x="148" y="156" width="38" height="38" xoffset="-1" yoffset="17" xadvance="40" page="0" chnl="15"/><!-- s --><char id="116" x="265" y="209" width="34" height="38" xoffset="-4" yoffset="17" xadvance="40" page="0" chnl="15"/><!-- t --><char id="117" x="148" y="195" width="38" height="38" xoffset="-1" yoffset="17" xadvance="40" page="0" chnl="15"/><!-- u --><char id="118" x="148" y="234" width="38" height="38" xoffset="-1" yoffset="17" xadvance="40" page="0" chnl="15"/><!-- v --><char id="119" x="148" y="273" width="38" height="38" xoffset="-1" yoffset="17" xadvance="40" page="0" chnl="15"/><!-- w --><char id="120" x="148" y="312" width="38" height="38" xoffset="-1" yoffset="17" xadvance="40" page="0" chnl="15"/><!-- x --><char id="121" x="265" y="248" width="34" height="38" xoffset="1" yoffset="17" xadvance="40" page="0" chnl="15"/><!-- y --><char id="122" x="148" y="351" width="38" height="38" xoffset="-1" yoffset="17" xadvance="40" page="0" chnl="15"/><!-- z --><char id="123" x="339" y="190" width="23" height="67" xoffset="8" yoffset="8" xadvance="35" page="0" chnl="15"/><!-- { --><char id="124" x="42" y="299" width="6" height="67" xoffset="4" yoffset="8" xadvance="15" page="0" chnl="15"/><!-- | --><char id="125" x="302" y="291" width="24" height="67" xoffset="4" yoffset="8" xadvance="35" page="0" chnl="15"/><!-- } --><char id="8470" x="0" y="0" width="69" height="52" xoffset="-1" yoffset="9" xadvance="69" page="0" chnl="15"/><!-- № --></chars></font>